GLCM_contrast,GLCM_correlation,GLCM_energy,GLCM_homogeneity,entropy_hist_0,entropy_hist_1,kurtosis_intensity_0,kurtosis_intensity_1,mean_intensity_0,mean_intensity_1,skew_intensity_0,skew_intensity_1,std_intensity_0,std_intensity_1,target
99.36812084226732,0.9047400161576452,0.7739266945533615,0.8406480657724877,1.1736925389358384,,4.542058858576305,,10.257710119961551,,2.298895765962212,,22.833630039461397,,G1
0.3310207287126109,0.908168707581827,0.9992073252882386,0.999472435163808,1.9666982186552413,2.4209368965525355,1.385424308952688,-0.0604598387902322,48.66972955127694,68.21467391304348,-0.6913071923934817,-1.1407674008157724,21.594341361934017,32.06060444127721,G1
49.84957078548997,0.9064543618697362,0.8865670099208001,0.920060250468148,1.5701953787955398,,2.9637415837644965,,29.463719835619244,,0.803794286784365,,22.213985700697705,,G1
78.72901578876346,0.9390735541333162,0.7459328261375533,0.8330633381238776,1.3069671906074374,,1.831816740050744,,13.216085583392628,,1.7314964904642431,,25.41300302339006,,G1
0.356752531410807,0.9160437506970174,0.999041917242389,0.9993957392989078,1.788217320865185,,2.847526335183889,,54.27310944747514,,-0.7206788081524919,,18.20828667120237,,G1
39.542884160087134,0.9275586524151668,0.8724873716899711,0.9162295387113928,1.547592255736311,,2.3396715376173165,,33.74459751543389,,0.5054088411558757,,21.810644847296217,,G1
129.0014044452441,0.953537550887152,0.7446524602777339,0.8192506579051418,1.4566264458327738,,1.51062552067913,,19.406831941479734,,1.6927516538217289,,37.25446314256488,,G1
0.6895340403040798,0.899638389586461,0.9991389940856082,0.9994044087694062,2.209700642763732,2.0797400151295875,2.2669105900175617,2.9837820893984985,75.92391302078134,67.2434445445963,-0.7049934276859963,-1.0311884481668896,27.221983739119583,22.39846412555001,G1
64.84546924277409,0.9265879702368064,0.8718957271816711,0.909327533337274,1.833163544298253,,1.888768055348346,,47.66537248113054,,0.4938791130678663,,32.23822344084223,,G1
46.2021026694456,0.9612147436872844,0.8037328839277288,0.8845020590651473,1.1427649677487126,,6.645354071504173,,10.755922555518106,,2.438893324102249,,24.397290621468013,,G1
0.2912946125410898,0.9058483332455838,0.999400936541766,0.999629721738544,1.6326495109044312,1.4839361124091883,1.019869027539166,1.704985151879427,55.4533356487869,39.97878787878788,-0.3182145256398432,1.4233136480078583,19.34553909566514,10.93394097283449,G1
23.24669864099334,0.933531538466434,0.9015669102347474,0.9420658904018456,1.387707239326572,,3.832611549521669,,33.10462910215251,,1.0603393992312031,,21.87141485856657,,G1
34.87419969112201,0.935493438182586,0.9136907965950988,0.9351565351534444,0.572401377701248,,21.06638804853314,,4.505572407594652,,4.17901282544301,,16.433915898597927,,G1
0.271118938322393,0.9058746350477964,0.9994911865107172,0.9996192046533586,2.0286505930472654,,1.6229789474726113,,51.7226846292749,,-0.6080750048312857,,22.120792061535248,,G1
17.572659314722202,0.9206840366151912,0.956590991552908,0.9673878699034016,1.3005259853742568,,11.344683498002874,,28.11412851843477,,1.785468910305862,,19.277353980066582,,G1
127.26788418574664,0.9432842379133342,0.757608505423085,0.8214278931432105,1.264307008509805,,0.7309540712774538,,17.19023830031582,,1.5750370663906603,,33.49073711376339,,G1
0.3965750783483751,0.935498361135656,0.9993729467413736,0.9995431668227,2.022716234931333,,1.5629649375141903,,68.6902788240015,,-1.4180344910246363,,29.06212052089078,,G1
63.83222963204751,0.9393912995244952,0.8784907260822292,0.9104855299829552,1.643511621720569,,1.146959504395822,,42.94025856215866,,0.078501287683012,,31.276428817327083,,G1
79.26975844541407,0.9524579369923408,0.7081497655116599,0.800463010794344,1.5272478147722846,,1.659132959032151,,16.268757567813854,,1.6220379732373749,,28.86400416742145,,G1
0.2526033761939624,0.9104738496165062,0.9995795125154496,0.9996984068723164,1.9824085899738255,2.218070970400113,0.6489459379072161,1.2837878731898975,52.553559739846506,98.64981949458485,-0.5355075669506286,-1.6603022895781805,24.86434456646219,40.37196334283414,G1
39.761180910804015,0.9314658933044236,0.8538646390135548,0.9000807088333302,1.754828202373055,,1.1540394484696836,,34.41115865383018,,0.5432652031433731,,26.86417436694182,,G1
55.84198241694531,0.944921037103743,0.8901414965544244,0.9182620213652768,0.7498060023691056,,14.10724191843484,,6.781128212810047,,3.70682219656072,,22.510903980806308,,G1
0.4611131914152186,0.9279773788977566,0.999306980252158,0.9994876399373416,2.24250217348867,,1.2101937861394243,,66.715641161918,,-0.8035762054110057,,26.666297241210778,,G1
28.15154780418026,0.9364492080007498,0.9447242384032912,0.9588748306513092,1.496154087928888,,7.658717852287133,,36.74838468736402,,1.451622995574857,,24.588600611008545,,G1
100.4707727947461,0.910868563126228,0.8625230437260827,0.884052107227646,0.8500636815156348,,8.651310822242051,,8.18797014068332,,3.017653049829165,,23.734124531487225,,G1
0.4543247135173016,0.8959048070237656,0.999442230034175,0.9995380548045294,2.4161463856173864,2.3988117705372853,0.6461980514930796,-0.5219627591079633,61.96884731404023,46.72747595612596,-0.5024290301735591,-0.1255784962001621,28.04785795281256,33.77738806622673,G1
50.462548754131696,0.9033866850749968,0.9309826368801288,0.9417950810160878,1.6331050335665105,,4.6487544368675655,,35.078408727361776,,1.257612009827803,,25.89099124214989,,G1
179.07996966198357,0.95522017206051,0.7626119536654077,0.81873916078427,1.4697681539421672,,2.562251158703843,,22.29205457564069,,1.882551007903248,,44.703394242767466,,G1
1.218282499342992,0.9152415260208028,0.9989113839732228,0.9991845718542728,2.450064663123202,,1.6553849249301225,,84.70364305384352,,-0.0274307437039031,,33.29680903499332,,G1
90.14912608066328,0.9352308490406565,0.8807616688193152,0.9089618663192712,1.9599164085326848,,2.108818041816982,,53.497848814742106,,0.9275601320996724,,39.0001016388804,,G1
178.52184886969653,0.9411688317383858,0.9163959141133574,0.9310577386552832,0.6320869478254618,,11.958573791634954,,10.537844686614488,,3.654328282927955,,38.934305563978754,,G1
1.548037133286897,0.9216690855299592,0.9993789674753584,0.999507311233656,2.5709679389765183,,3.963054907762716,,137.0284000887307,,-1.778233049531686,,46.22032241730354,,G1
90.03494300149171,0.9314189586341726,0.957887440794358,0.9652825249444696,1.60152744340099,,7.960814349698835,,73.7831223876726,,0.9380476166981344,,42.57731399064114,,G1
93.77197631935388,0.944308230179402,0.7397215713964216,0.8371219693834812,1.4126022414352608,,10.699993031607068,,13.106242744260944,,2.921912982130418,,29.00676025185981,,G1
0.2989542119368596,0.9198742990055658,0.9989501565319968,0.9993826129552988,1.898177650075117,0.8010104572229033,1.5776092891061022,2.4868201192689163,52.41655299153975,24.017857142857142,-0.5009435087765178,-0.503575538523122,20.087771709272054,7.653954171262219,G1
47.03546526564536,0.932091264592484,0.8693358639642091,0.91825229116939,1.6553899457551888,,6.138801160356585,,32.76139786790035,,1.2104847366769502,,24.54726598056593,,G1
64.8975829547329,0.9642240010370626,0.7405498431962799,0.8541452689559568,1.3073334033060038,,0.3131035186904829,,16.6031656867518,,1.4128944706339168,,30.11392036571385,,G1
0.3490700993926511,0.918510173382912,0.9992317843580164,0.999560790853008,1.5608828778304424,,3.72362953050643,,62.04995882085694,,-1.4097472202673649,,19.82771468612061,,G1
32.62332652706277,0.9413670872099872,0.8698908137771482,0.9268530299044824,1.434108140568223,,2.018366524598457,,39.32656225380437,,0.0015736251832759,,24.970817525917237,,G1
220.52753662303385,0.9298718865553682,0.7857514810067292,0.8262704806810574,1.2455196225173553,,1.7757600908097553,,18.574803080802408,,1.8450767986555945,,39.64806445108864,,G1
0.6825174715151502,0.9180984018598448,0.999426135586338,0.999541529867302,2.490923106231153,,1.3494151325510044,,87.26414871502959,,-1.2077229508803071,,35.17776386866361,,G1
110.6050270472745,0.9239851442076066,0.8925888082965336,0.9129060052741796,1.8682213643742545,,1.56258761168038,,52.919475897916,,0.3186769238876435,,37.41291415987613,,G1
208.2264168153579,0.9328445077806896,0.7899493048669666,0.8313951329223667,1.2582928452350473,,2.566516003532251,,17.82581482729781,,2.007546597502176,,39.365209022318766,,G1
0.7689504491603952,0.9225247649349908,0.9993801424004186,0.999508999623459,2.452053255439828,,1.7531804256871537,,90.11121631982604,,-1.253791166306616,,34.61140992713868,,G1
104.49768363225915,0.9276846363578404,0.8946647236336926,0.9154520662729128,1.8551730503374375,,2.159848214609702,,53.96851557356192,,0.3768777155977797,,36.98830947472872,,G1
130.4761319278885,0.9407753093066488,0.8656283406677412,0.8927222995495231,0.9143674735028732,,9.426519150215922,,11.403753635671398,,3.0729763374566543,,33.17523808529527,,G1
0.7491571951528125,0.9036530801504168,0.99944244655258,0.9995571101995994,2.5228200327285566,2.499621211826441,1.593668123196727,-0.479955482705219,85.44276069167557,56.504789107990405,-0.8977704571869517,-0.2484774781439478,35.198345821953886,35.42440772506811,G1
65.61264456152065,0.9222141947285328,0.9325353936101606,0.9461397048745612,1.718593753115715,,5.5100936367063245,,48.42325716367348,,1.0876029401348513,,34.18679195362458,,G1
245.7200305879178,0.9223851420584924,0.8276399216658955,0.8566811642374418,1.0928005375802343,,4.46629417096517,,15.839195346340611,,2.392820462721132,,39.77006099687258,,G1
0.9809693757353278,0.90841002829792,0.9994123399642826,0.9995202753673889,2.6170457700783354,,1.6018920580991138,,97.9852757081847,,-1.1191361390267114,,39.77653615775744,,G1
123.35049998182656,0.915397585178206,0.913526130815089,0.9281007198024152,1.854923153829285,,3.034093114532141,,56.91223552726266,,0.6368421618472103,,39.77329857731501,,G1
99.25470439176526,0.9380202244517564,0.7997474737396617,0.8610321324760688,1.1144641158165465,,3.4940232167996497,,12.53442060192987,,2.13510148216319,,28.285697345374928,,G1
0.4021187660836516,0.9257770350828848,0.9993345950443174,0.9995453250825762,1.997215743456604,,1.7976594002089157,,62.77050567016025,,-1.1649326244527092,,25.60687864950172,,G1
49.82841157892445,0.9318986297673206,0.8995410343919896,0.9302887287793224,1.555839929636575,,2.6458413085042825,,37.65246313604506,,0.4850844288552404,,26.94628799743833,,G1
260.4279859455516,0.9371930203982196,0.8037291974966563,0.840613921917592,1.2300291414236957,,2.682800237426716,,20.015915814702467,,2.0499177024903035,,45.52100653070229,,G1
1.1459947224355151,0.9126966820959934,0.999303680396416,0.9994437829172969,2.627616746990373,2.52520740916282,1.9160079815283948,5.503732027209084,102.11673345704531,124.96818181818182,-1.1720665980794718,-1.717265291882237,40.52950997551588,28.102189923783463,G1
130.78699033399354,0.9249448512471063,0.9015164389465362,0.9200288524174444,1.9288229442070344,,2.2994041094775555,,61.0663246358739,,0.4389255522054158,,43.02525825310909,,G1
166.0579596059556,0.8564992732705545,0.9187238059235332,0.9324645723328328,0.5636665347273797,,21.45331275737534,,5.808399805265326,,4.611188081527407,,24.053329996910392,,G1
0.5389778626728156,0.936632923631659,0.9993906885378794,0.999553816677358,2.31882026117613,,1.263047257184742,,64.42870850409224,,-0.4213557531857559,,33.254664869726874,,G1
83.29846873431421,0.8965660984511068,0.9590572472307064,0.9660091945050956,1.441243397951755,,11.35818000728004,,35.11855415467878,,2.094916164170826,,28.653997433318636,,G1
125.35716142123864,0.8818653735123676,0.9111399351544084,0.9334282857352366,0.6116190963724492,,19.407791633540672,,5.916542460897028,,4.374913969173762,,23.03722160650617,,G1
0.624272643075216,0.9033403835283432,0.9989867963817064,0.9993918673562138,2.270998695228744,1.152484410299293,2.8025772285373782,4.026371040151211,69.740142107677,14.869565217391305,-0.705277823297753,2.348821705624044,32.842968036807775,34.84205065741485,G1
62.99071703215692,0.8926028785203554,0.9550633657680574,0.9664100765457252,1.4413088958005966,,11.105184431039024,,37.82834228428702,,1.8348180729380044,,27.94009482165697,,G1
156.78485998030777,0.901716630664313,0.9036511838023782,0.9213128805197522,0.6824768889419003,,14.59378241804912,,7.834971101873697,,3.858837085288824,,28.2422630549964,,G1
0.8231296006498485,0.917910936088275,0.9991474227987324,0.9993700152968932,2.4516653373122725,,1.979140113825988,,81.85263180033353,,-0.3730609625824854,,34.18320910116872,,G1
78.80399479047881,0.909813783376294,0.9513993033005552,0.9603414479083228,1.5670711131270865,,8.286461265937554,,44.84380145110361,,1.7428880613531692,,31.21273607808256,,G1
84.74322265660848,0.9417907251851902,0.9378445197880744,0.9487826726544588,0.4666959385216881,,14.477721198687696,,6.561362721048585,,4.001161699372311,,26.97038986938668,,G2
4.63878903248982,0.8951746142999736,0.997512344507862,0.9980352793306848,1.6038605561593435,,0.3378188741752163,,112.64775770655676,,0.1674608156279056,,12.34366241002531,,G2
44.69100584454915,0.918482669742582,0.9676784321479682,0.973408975992572,1.0352782473405158,,7.407770036431456,,59.60456021380267,,2.0843112575001084,,19.657026139705994,,G2
191.809931538278,0.9494441648791422,0.8902839070116881,0.9121671588576872,0.7313591259619381,,5.712412966692719,,14.508365979570168,,2.7429235942194303,,43.515615244681456,,G2
8.469608362494597,0.9200900683844352,0.9967164914147568,0.9974230634330308,1.9217062095843207,,10.28533385521118,,136.96144819928645,,-2.351603624743108,,29.892533582487324,,G2
100.1397699503863,0.9347671166317888,0.9435001992132226,0.9547951111453592,1.3265326677731295,,7.998873410951949,,75.7349070894283,,0.195659984738161,,36.7040744135844,,G2
54.25792449020797,0.9017234438456152,0.9522153820133148,0.9579974113494952,0.3649936901176788,,22.858605553416314,,3.4390217112730204,,4.881118743826622,,16.626092891580342,,G2
1.7793281084619672,0.8897019883915616,0.9984882201798158,0.9986753969484176,1.945581800433724,,-0.9357739876594264,,43.70453548077638,,-0.1633694705435982,,32.490699309988536,,G2
28.01862629933497,0.8957127161185885,0.9753518010965652,0.9783364041489564,1.1552877452757015,,10.961415782878444,,23.5717785960247,,2.358874636641512,,24.55839610078444,,G2
68.14358607271993,0.9096460756590312,0.9292647764487576,0.939245711872478,0.4970390070442723,,13.567940125308272,,4.95137846446747,,3.863824575471976,,19.41295375327009,,G2
1.5074629548054748,0.9188474348638116,0.9985408357838716,0.998746011467046,1.6524760403583645,,-1.2695922723539566,,34.45317443275884,,-0.0473728400951427,,28.954479133641,,G2
34.8255245137627,0.9142467552614214,0.9639028061163144,0.968995861669762,1.0747575237013185,,6.149173926477157,,19.702276448613155,,1.908225867688417,,24.183716443455545,,G2
125.21661802764166,0.9088965527678584,0.870670200669364,0.8931532432457293,0.7764983411417916,,4.863204063980369,,9.351398601398602,,2.566413545267844,,26.21999786696915,,G2
1.662148636379131,0.8815727277174248,0.9984404858668724,0.9987114996296608,1.4756174789688568,,0.0007990711568187,,31.783084259625124,,0.4646229671995064,,31.38556495979676,,G2
63.4393833320104,0.8952346402426417,0.9345553432681182,0.945932371437695,1.1260579100553243,,2.432001567568594,,20.567241430511864,,1.515518256233675,,28.802781413382952,,G2
63.37978819081182,0.941154036523471,0.9402885636031056,0.9581594180991484,0.4193866734512132,,14.675682244347058,,5.52747775784425,,4.048926376517172,,23.17743006254744,,G2
2.7099755887157477,0.889964982891732,0.9982985696106148,0.9988411803107188,1.1744487217518758,,8.880528620276337,,64.93276371457742,,-1.8191379196553572,,24.05577086809501,,G2
33.044881889763786,0.9155595097076016,0.96929356660686,0.9785002992049336,0.7969176976015445,,11.778105432311698,,35.23012073621084,,1.1148942284309071,,23.616600465321223,,G2
64.86922526292605,0.930728850886968,0.8856212301296144,0.9156368314898355,0.6964502091189484,,5.872154274387825,,7.266173616958957,,2.7542754230782083,,21.613415062874,,G2
1.4330315878347375,0.9226564803470052,0.9981460458861184,0.998680096870134,1.413927257873335,,2.3688050365915903,,50.26435090743785,,-1.0825342846480008,,21.147599063795035,,G2
33.15112842538039,0.9266926656169866,0.9418836380078665,0.9571584641799848,1.0551887334961418,,4.120479655489707,,28.765262262198405,,0.8358705692151037,,21.38050706333452,,G2
33.64309722659549,0.9008985897286248,0.9693973396365444,0.973024115007736,0.2536675998238855,,40.05352613236219,,2.1234093547541475,,6.338961040012873,,13.025747248467413,,G2
0.2913770935480485,0.8882168568105989,0.9997515878302472,0.9997813715823548,2.09027350861779,,0.7705513696210293,,57.25157628304374,,-0.599507328363243,,31.06706713705282,,G2
16.96723716007177,0.8945577232696119,0.9845744637333956,0.9864027432950454,1.1719705542208376,,20.41203875099161,,29.687492818898946,,2.869726855824815,,22.04640719276012,,G2
34.53124515816251,0.8792626810172175,0.966647268427392,0.9703711859517388,0.2660272663797015,,39.20421195319276,,1.9943102522812668,,6.252227245660815,,11.95270768462351,,G2
0.2081776949601913,0.8726242148743603,0.999805189322929,0.9998269883731948,1.994601179899712,,-0.7374341421929052,,39.03763762819981,,0.0494616077425768,,31.88482710791273,,G2
17.369711426561352,0.8759434479457888,0.9832262288751604,0.9850990871624667,1.1303142231397063,,19.23338890549993,,20.51597394024054,,3.150844426701696,,21.918767396268123,,G2
68.47122136755983,0.915608855576604,0.9183428278035172,0.9291469501059318,0.5745140972230343,,12.14428873226724,,5.5118750702168295,,3.643599022507488,,20.136738234050803,,G2
0.2891950383461193,0.8915790235341002,0.999716978932926,0.9997544641647174,2.101750596899123,,0.1321936440854255,,50.303962004129176,,-0.2776720243999521,,31.862565816625995,,G2
34.38020820295298,0.903593939555352,0.9590299033682216,0.9644507071353244,1.3381323470610786,,6.138241188176333,,27.907918537173003,,1.682963499053768,,25.9996520253384,,G2
42.4905687253535,0.9117502441616266,0.9533753770922356,0.9589709109002093,0.3582148333568663,,23.9855791987382,,3.1598447115804715,,4.986333131544573,,15.513449597269558,,G2
0.3785610985313694,0.8852173839941414,0.9996412472881696,0.9996853043407216,2.213050019659072,,-0.1007264749345509,,55.55171818751428,,-0.5374827778267676,,33.22757798490602,,G2
21.434564911942434,0.898483814077884,0.9765083121902024,0.9793281076204654,1.285632426507969,,11.942426361901823,,29.355781449547376,,2.2244251768589027,,24.370513791087788,,G2
38.65696549862804,0.8641302474511505,0.927356937121788,0.9375661195035652,0.4767615909051759,,22.09644262194757,,2.89092361657242,,4.578996822205529,,11.923420013034024,,G2
0.1930250293069721,0.7989704209264267,0.9996235280420872,0.9996833288524076,2.0459879186190606,,0.9542718913035956,,39.6495405894178,,0.047947174906236,,19.02716097542729,,G2
19.424995263967507,0.8315503341887887,0.9634902325819374,0.9686247241779864,1.261374754762118,,11.525357256625584,,21.27023210299511,,2.3134719985558823,,15.475290494230656,,G2
14.436727492640404,0.938371055447086,0.9807116078211332,0.9847251835345364,0.1670401447012963,,58.55714969823535,,1.426927061878191,,7.69097392398312,,10.817347099002868,,G2
0.4269842578848021,0.875482350026304,0.999524112160716,0.999630611471198,1.77201606396546,,6.475050184051903,,79.79407101624338,,-2.0859754997955138,,19.795238383464312,,G2
7.431855875262603,0.906926702736695,0.9901178599909246,0.9921778975028672,0.9695281043333782,,32.51609994114363,,40.610499039060784,,2.802499212093803,,15.306292741233593,,G2
91.0639847260332,0.9537843193741816,0.973760708209406,0.978536037788456,0.231836562888857,,41.17657198860128,,250.18032056323256,,-6.525181780193582,,31.373191562651463,,G2
2.4838796402693664,0.6907320547594505,0.9996154258691372,0.999697985103672,2.2868874684429743,,4.40682798210652,,89.2431308788388,,1.3972266576940753,,65.74780131407567,,G2
46.77393218315129,0.822258187066816,0.9866880670392716,0.989117011446064,1.2593620156659158,,22.7916999853539,,169.7117257210357,,-2.5639775612497533,,48.56049643836357,,G2
34.30337141828977,0.9782817626794712,0.9783538285666696,0.9829858792833728,0.202637961713644,,50.97003775442301,,251.069978404424,,-7.22438440318857,,28.09127728125754,,G2
2.41622295679693,0.7124504538797127,0.999458660742469,0.9995683673893008,2.426342497623801,,6.538511174451409,,70.60332866191969,,2.311564896090484,,56.49731877179495,,G2
18.35979718754335,0.845366108279592,0.9889062446545692,0.9912771233363368,1.3144902296687224,,28.75427446443721,,160.83665353317184,,-2.4564097535490435,,42.29429802652625,,G2
13.652502261606667,0.9864143095960451,0.9827089987247242,0.988074022068378,0.1756858704910776,,77.30926424867503,,252.29779425532712,,-8.76193560752965,,22.410480469537983,,G2
1.566324801703327,0.8143946268825663,0.9992957795850564,0.9994418926687222,2.43530709725656,,7.415888442444666,,77.55902869578897,,1.727494620500668,,38.9758125734688,,G2
7.609413531654997,0.9004044682393058,0.9910023891548904,0.9937579573685502,1.3054964838738186,,42.36257634555985,,164.92841147555805,,-3.5172204935144915,,30.693146521503387,,G2
164.73027903977928,0.9316781245081064,0.9176739693894456,0.9231579107958564,0.6398977665846779,,20.306964622582253,,246.53508969029696,,-4.50416967033389,,34.70666556579922,,G2
0.892366728625339,0.7541508237181361,0.9997327180668254,0.9997608966473616,2.8621509753958043,,3.487430512976407,,84.13285720485294,,1.5007189216966372,,41.50145117749627,,G2
82.81132288420231,0.8429144741131213,0.9587033437281356,0.9614594037216088,1.751024370990241,,11.89719756777933,,165.33397344757495,,-1.5017253743186263,,38.10405837164775,,G2
111.25158062565284,0.956355776500726,0.9554167323744944,0.9616896302905196,0.3898429022041922,,25.09360168370102,,247.95384288906365,,-5.121153562199097,,35.68395594589119,,G2
1.601470828113804,0.762971757865402,0.9996467307967426,0.9996979066598958,2.782469052294774,,4.2792275236325015,,93.40635040383184,,1.7972247807643946,,52.78591822573528,,G2
56.42652572688333,0.859663767183064,0.9775317315856183,0.9806937684752076,1.586155977249483,,14.686414603666762,,170.68009664644774,,-1.6619643907173511,,44.23493708581324,,G2
339.55882051589623,0.9274432921671836,0.8509487913175127,0.8610342449789524,1.0521828721859106,,7.073341730801323,,238.06974122757745,,-2.871867521808382,,48.35966516972912,,G2
1.0330985042158347,0.7391422325013053,0.9997311636386976,0.999758141203678,2.839691319927782,,2.858953673291285,,95.40077585305168,,1.383735466890998,,41.97952653361825,,G2
170.29595951005604,0.8332927623342445,0.9253399774781051,0.9303961930913152,1.9459370960568465,,4.966147702046304,,166.73525854031453,,-0.7440660274586919,,45.16959585167368,,G2
96.57984845985835,0.9696701720234068,0.8861356002836198,0.8979549729160714,0.8359917132619805,,7.105251508099554,,241.88632238574945,,-2.923563274848998,,39.88798841081686,,G2
1.127737352290149,0.8830720760249632,0.9995489125861766,0.9996010432494415,2.2502405472131497,,4.318893614275623,,113.0345726495107,,0.8662053294581582,,21.64618897767682,,G2
48.85379290607426,0.926371124024185,0.9428422564348982,0.9487780080827564,1.543116130237565,,5.712072561187589,,177.46044751763006,,-1.02867897269542,,30.76708869424684,,G2
129.45568375491683,0.9667781032464268,0.857689008034638,0.8705659205002724,0.9939617979453512,,4.657138796631377,,238.5148335393027,,-2.49115010056369,,44.13025517803782,,G2
1.129374427235171,0.876448777008733,0.9995715143179582,0.9996150619151524,2.351613791616354,,4.101735717563292,,117.68607576703222,,0.989960894281938,,23.335566523552867,,G2
65.292529091076,0.92161344012758,0.928630261176298,0.9350904912077124,1.672787794780853,,4.379437257097335,,178.10045465316747,,-0.7505946031408759,,33.73291085079534,,G2
170.89645589991952,0.940330986272431,0.8097847837475247,0.8276447606942557,1.1922806798477583,,6.840436583210973,,240.14577637968267,,-2.7232994946422173,,37.835150632957294,,G2
1.261340796359464,0.8653581579756521,0.9993948011562694,0.9994683898396128,2.4085528606932347,,1.9137955433043976,,106.15630263683228,,0.7877085158750632,,23.72839321529128,,G2
86.07889834813949,0.9028445721240416,0.9045897924518972,0.9135565752669343,1.8004167702704963,,4.377116063257685,,173.15103950825747,,-0.9677954893835772,,30.78177192412429,,G2
134.39581740212617,0.938708972592852,0.961341900828692,0.966381846662767,0.3416467692164584,,32.71821497853257,,249.0866856408144,,-5.787750405073127,,33.09850733217703,,G2
2.7493001361401017,0.7019059979016609,0.9996640752977928,0.99972708857231,2.7139127039008453,,0.6372037947690486,,108.23418289703132,,0.8765514211571092,,70.11426377996669,,G2
68.57255876913314,0.8203074852472565,0.9805029880632424,0.9830544676175386,1.5277797365586518,,16.67770938665081,,178.66043426892284,,-2.455599491958009,,51.60638555607186,,G2
81.09646939458915,0.9640665825211152,0.9644081946777364,0.97016166145713,0.3179672834063975,,32.286610086217905,,249.09995506122908,,-5.779823964330945,,33.58002028620111,,G2
1.8882628329894795,0.7080387927300222,0.9996636735788714,0.99973848356635,2.387242033524809,,4.962702651645448,,95.99180875862288,,1.4610977021394234,,56.43264599512989,,G2
41.49236611378932,0.8360526876255687,0.982035934128304,0.98495007251174,1.3526046584656033,,18.62465636893168,,172.54588190992598,,-2.159363131095761,,45.006333140665504,,G2
113.62449207563012,0.9435181750366778,0.9593988618862672,0.9643533173684254,0.3559239726020345,,30.195609054230594,,249.16511877566816,,-5.576262750144002,,31.70084977348233,,G2
2.409296002904028,0.724268593340728,0.9997198928356316,0.9997716178572474,2.753057952842334,,-0.111167668608844,,117.97663217525528,,0.8070679428452529,,69.89383366401944,,G2
58.01689403926707,0.8338933841887028,0.9795593773609494,0.9820624676128364,1.5544909627221843,,15.042220692810876,,183.5708754754617,,-2.3845974036493747,,50.797341718750886,,G2
212.58362321882856,0.9581439019477836,0.8720204357051243,0.8849888467365911,0.9516039839135486,,7.383779254263015,,238.17042030233807,,-2.9530254293802085,,50.37979259165776,,G2
0.5128911064665539,0.7830572365884418,0.9995931635985448,0.9996580881186916,2.225991741869028,,5.592879565723781,,63.04459975248765,,1.6796131415784417,,23.784094238376916,,G2
106.54825716264756,0.8706005692681127,0.9358067996518348,0.9423234674276412,1.5887978628912882,,6.488329409993398,,150.60751002741287,,-0.6367061439008834,,37.081943415017335,,G2
244.9473820340965,0.9268803013667124,0.8791158085627937,0.887742461850497,0.8703592609253817,,10.779789603216592,,242.4873035489146,,-3.4085207826385053,,40.91607564341602,,G2
0.650681957899357,0.7943046673354093,0.999515282868056,0.9995942035591332,2.173999367670892,,7.568964679035885,,69.46591119350192,,1.8828898288097224,,23.46118032020116,,G2
122.79903199599794,0.8605924843510608,0.9393155457154247,0.9436683327048152,1.5221793142981368,,9.17437714112624,,155.97660737120827,,-0.7628154769143914,,32.188627981808594,,G2
167.50316499982506,0.9362613669858124,0.9614495198506584,0.9667024877714442,0.3246617502724116,,29.037341582759304,,248.3835536581408,,-5.511425992371368,,36.23496491125552,,G2
2.6109912664744344,0.6944047351423376,0.9996565876108928,0.9997229202687612,2.73254293652003,,0.4705430535745363,,96.1896408003199,,1.128594969560322,,76.76350172183416,,G2
85.05707813314974,0.815333051064075,0.9805530537307756,0.9832127040201026,1.5286023433962208,,14.75394231816692,,172.28659722923035,,-2.191415511405523,,56.49923331654484,,G2
91.76480790087916,0.9583268247686056,0.961330590104132,0.9661693650507084,0.3395892523476079,,29.661889819121196,,248.94779238287836,,-5.553101636473088,,33.16590663232795,,G2
2.017325152363136,0.7042571622786615,0.999688421803412,0.9997375334917336,2.806472965765096,,1.554943070722696,,97.16102196064143,,1.438313927417526,,61.58020929678812,,G2
46.891066526621145,0.8312919935236336,0.980509505953772,0.9829534492712212,1.573031109056352,,15.608416444921945,,173.0544071717599,,-2.057393854527781,,47.37305796455804,,G2
197.6682098071262,0.9496179375371504,0.9270311988731662,0.9365116324077352,0.5716370640464202,,12.73379217029118,,243.5935537829707,,-3.784931467428454,,44.27561117153138,,G2
2.4816236329339967,0.7092954633759629,0.9995820958598256,0.999651862890374,2.708037273150724,,2.228817818742669,,100.94735017487749,,1.541352098046156,,60.630983283499226,,G2
100.0749167200301,0.8294567004565567,0.963306647366496,0.9680817476490546,1.639837168598572,,7.481304994516925,,172.2704519789241,,-1.1217896846911488,,52.45329722751531,,G2
86.10134496873735,0.9664866487978896,0.9508536358482712,0.9573247719943224,0.4186787883816555,,21.66764867009844,,247.5191776204921,,-4.796262981083558,,35.83487395759576,,G2
2.112881309318716,0.7470457539322689,0.9994557923286086,0.9995394699409572,2.4726036193062657,,6.774661225867378,,85.48832729258439,,2.4683239875748098,,43.53432861220536,,G2
44.10711313902803,0.8567662013650792,0.9751547140884398,0.97843212096764,1.4456412038439606,,14.22115494798291,,166.50375245653822,,-1.163969496754374,,39.684601284900566,,G2
122.54938799174326,0.967748265020268,0.931742890612524,0.939983190001698,0.5499866439981675,,14.19071691363077,,244.1893033242208,,-3.965325607338388,,43.57120865027799,,G2
1.8034150775149695,0.7349912726263413,0.9995736616637736,0.9996343835856196,2.688319310347333,,6.047756077683288,,89.76562147662789,,1.9856581618179476,,48.491585520185446,,G2
62.17640153462912,0.8513697688233047,0.9656582761381488,0.9698087867936588,1.6191529771727504,,10.119236495657027,,166.97746240042432,,-0.9898337227602204,,46.03139708523172,,G2
16.47132632610119,0.9854649486019128,0.9823607954936192,0.9852428367674756,0.1762151619785951,,62.02138641031719,,251.9594627320276,,-7.925456596844195,,23.792195853806135,,G2
2.528395311629684,0.7981015609487021,0.9991434644518268,0.999292985133367,2.4677050636695275,,8.067543979762508,,86.15023583036842,,2.242378557035525,,39.01280932472282,,G2
9.499860818865438,0.8917832547753074,0.9907521299727228,0.9922679109504212,1.3219601128240612,,35.04446519503985,,169.05484928119802,,-2.841539019904335,,31.40250258926448,,G2
54.911667391380405,0.9707011224396944,0.9746827719845368,0.9794197330892828,0.2299920481644401,,41.531026273288674,,250.32679224556543,,-6.552001646285882,,30.59756173503316,,G2
2.044496545486155,0.722002445473311,0.9994695346205916,0.9995747442445694,2.1914100948346245,,14.239226154322662,,67.70306199801225,,2.947411744272434,,51.34081066474389,,G2
28.47808196843328,0.8463517839565027,0.9870761533025644,0.989497238666926,1.2107010714995323,,27.88512621380567,,159.01492712178884,,-1.802294951006724,,40.969186199888526,,G2
247.43199936025272,0.9048387952705368,0.9214567078413362,0.92722027366241,0.598723692348446,,19.86396185941509,,246.4537904604976,,-4.51274757570856,,36.058745087690085,,G2
0.6635231727698329,0.7037002485078071,0.9997677000919516,0.9998062773555004,2.0302209929502744,,10.41180154956352,,67.97224321213918,,2.8114830334188063,,35.936564062533094,,G2
124.04776126651127,0.804269521889172,0.9606122039666438,0.9635132755089552,1.3144723426493603,,15.137881704489306,,157.2130168363184,,-0.8506322711448768,,35.99765457511159,,G2
284.6948930172582,0.9300778800124146,0.8986307169658397,0.908503906769354,0.7682947003430954,,11.053063883337009,,242.0087967644085,,-3.503055542191928,,45.11444753940395,,G2
0.5744164508256648,0.6958120728861678,0.9997589716007949,0.9998059029138614,2.21591450465834,,7.245980861875258,,74.07809094399202,,2.066216837611447,,39.1910826168942,,G2
142.63465473404193,0.8129449764492912,0.9491948442833172,0.9541549048416076,1.492104602500718,,9.149522372606134,,158.04344385420026,,-0.7184193522902405,,42.15276507814907,,G2
222.88334607829907,0.9553851548367556,0.9050025453815258,0.9203148653858264,0.7080112236895959,,8.70572139892623,,240.18809372230336,,-3.222875487197136,,49.96272210125984,,G2
1.6665767124026825,0.6567252563764355,0.99967849475308,0.999738836321588,2.654567003756509,,3.523781025652282,,94.35361150232563,,1.844053105208565,,55.86635146058405,,G2
112.27496139535089,0.8060552056065955,0.952340520067303,0.9600268508537072,1.6812891137230528,,6.114751212289256,,167.2708526123145,,-0.6894111909942856,,52.91453678092195,,G2
57.00600187214363,0.9555090018822884,0.8684098468385969,0.8957118766455823,0.8039256849282008,,4.33424547761434,,9.378656683630506,,2.4490563462838697,,25.30509154659568,,G2
2.4630688345051643,0.9075030446555308,0.9966747197942412,0.9974099499779124,1.5647193466607203,,1.97185946643705,,75.87762590512278,,-0.4207620645266181,,12.16492039004086,,G2
29.7345353533244,0.9315060232689096,0.9325422833164192,0.9465609133117472,1.1843225157944606,,3.153052472025695,,42.62814129437665,,1.0141471408786258,,18.73500596831827,,G2
38.83490263017824,0.9450233741136174,0.949113676822516,0.958849110297334,0.4020778625645316,,20.52522354585408,,4.108730274960641,,4.615219901576392,,18.770039607270142,,G2
3.3058431070242102,0.9068345414820222,0.9964920497445274,0.9972599012682876,1.6201714111614274,,0.975815146406726,,82.48681582460219,,0.1956681344914442,,12.57362291845748,,G2
21.070372868601225,0.9259289577978198,0.9728028632835216,0.9780545057828108,1.0111246368629796,,10.750519346130403,,43.29777304978141,,2.405444018033918,,15.671831262863812,,G2
30.20162252445717,0.9401110600007612,0.8910359717558738,0.9193400807624804,0.6238106289395728,,6.340027896226895,,5.214156262585582,,2.8321838814626554,,15.860586346771472,,G2
1.0068980887878527,0.8975338086050747,0.9978360428518472,0.9983514885269656,1.3261473113433475,,-0.1687914970475234,,25.795329215875185,,0.135517823235252,,21.53083037169086,,G2
15.604260306622512,0.918822434302918,0.9444360073038603,0.9588457846447233,0.9749789701414604,,3.0856181995896854,,15.504742739230384,,1.4838508523489538,,18.695708359231165,,G2
56.75507038892865,0.9415483165869408,0.91745419569439,0.9334186290307518,0.587866356351901,,11.113267743115122,,6.208609453373851,,3.497147530019129,,22.01075410869555,,G2
3.554289105470209,0.9037435959633424,0.9961835417820832,0.996988570300257,1.8975961111871344,,0.9513034535001256,,79.81528132469032,,0.0170493231090957,,15.789910236690078,,G2
30.15467974719943,0.9226459562751416,0.9568188687382364,0.9652035996655044,1.2427312337695178,,6.032285598307624,,43.011945389032086,,1.7570984265641123,,18.900332172692814,,G2
227.06835175105837,0.9663007442925644,0.8440482592736589,0.866659823329086,1.1012014461088582,,3.535145118481311,,232.02125354204892,,-2.2820400405852226,,58.02679131079756,,G2
1.5061569918565292,0.7473908387542715,0.9995136134349694,0.9995940588298272,2.731841967083533,,4.64007563563327,,99.49645807778155,,1.7011683796980892,,41.67896579225525,,G2
114.28725437145744,0.8568457915234179,0.921780936354314,0.9331269410794564,1.9165217065961957,,4.08761037705729,,165.75885580991525,,-0.2904358304435667,,49.8528785515264,,G2
141.4971036440606,0.9698978965370416,0.9289590612992904,0.9427569808755634,0.5480462120383673,,12.45455411684387,,242.5472631040208,,-3.7638553637234393,,48.45799155136972,,G2
1.702240761157846,0.6495387285386989,0.9995980846785396,0.9996835462011804,2.387768985199388,,6.308807585305101,,82.03107685232959,,2.2236158613887627,,56.252490471715966,,G2
71.59967220260921,0.8097183125378702,0.9642785729889152,0.9712202635383718,1.467907598618878,,9.381680851074483,,162.28916997817518,,-0.7701197511673383,,52.35524101154285,,G2
147.39262241414642,0.9111295119416744,0.945708147746222,0.9499820054079834,0.4473237419079678,,23.67500541961343,,248.95129511041208,,-4.929538597224207,,28.78890791937941,,G2
1.8994234927805924,0.7511240194011645,0.9997969487400978,0.9998359656561,2.9036176128987305,,-0.7093822006378638,,153.25158091204736,,0.3880202991672775,,62.13292518455621,,G2
74.6460229534635,0.8311267656714194,0.97275254824316,0.9749089855320416,1.6754706774033492,,11.482811609487785,,201.10143801122973,,-2.2707591490284647,,45.46091655196781,,G2
87.15065249710918,0.9258509009848442,0.923035044721758,0.9387195328040188,0.5407034269862213,,11.803793774984705,,6.46087028155091,,3.654428235617496,,24.233789442241843,,G2
2.3606899945482622,0.9006289885175573,0.9982124470715312,0.9986101394004672,1.679444862496322,,3.754629879578736,,66.89680939046414,,-1.1577155889065982,,30.02118650986039,,G2
44.75567124582872,0.9132399447512008,0.9606237458966448,0.968664836102243,1.1100741447412716,,7.779211827281719,,36.678839836007526,,1.248356323355449,,27.127487976051118,,G2
118.53351504138904,0.9314775712315436,0.8602913126074816,0.8849879367533657,0.8238037335721671,,3.8370030954238032,,11.089362208472156,,2.373826076261288,,29.42884688912905,,G2
5.02753540624528,0.9012389433924934,0.994786001708266,0.9957078018915404,1.802680968391244,,-0.1204722764978965,,48.3611261007302,,-0.2498047929139842,,36.75851477927839,,G2
61.780525223817165,0.9163582573120186,0.927538657157874,0.9403478693224532,1.3132423509817055,,1.8582654094629532,,29.725244154601175,,1.0620106416736517,,33.093680834203724,,G2
60.19745608721987,0.9340521317580854,0.9106835724910172,0.9279035642509116,0.5859594247823142,,8.987505087893775,,6.257825943689818,,3.256140640748592,,21.33799073045561,,G2
3.1337026927578115,0.9118783635856642,0.9963160528532776,0.9969938002267004,1.5968219746918169,,0.4729304820944899,,37.38330469776864,,0.3589923115091606,,32.762996974597485,,G2
31.66557938998884,0.9229652476718748,0.9534998126721472,0.962448682238806,1.0913906997370657,,4.7302177849941325,,21.820565320729223,,1.807566476128876,,27.05049385252655,,G2
123.50135822183069,0.95051769394069,0.8659074920754286,0.8921719282581568,0.8141970137012737,,3.907513948350675,,13.139036356313843,,2.397038657140617,,35.323460487541176,,G2
7.763426512245411,0.934373293796356,0.9928835394906088,0.9943562730463904,1.8513417143309192,,2.1376534946979797,,82.8260580422715,,-1.6048644806703651,,36.92547116625773,,G2
65.63239236703805,0.9424454938685232,0.9293955157830188,0.9432641006522736,1.3327693640160965,,3.0225837215243274,,47.98254719929267,,0.3960870882351258,,36.12446582689945,,G2
72.80648092065417,0.9243335285856616,0.9079473979347228,0.9322997707004632,0.5593593926805736,,8.55584842339843,,6.462966353018709,,3.2100081499034268,,21.92946157007213,,G2
1.2640254758364995,0.902742426333502,0.9986772278051532,0.9990368368585384,1.2618392209291114,,1.6633052902674572,,40.79890652911333,,-0.4157734147312351,,27.126348135521845,,G2
37.035253198245336,0.9135379774595818,0.953312312869938,0.9656683037795006,0.9105993068048424,,5.109576856832944,,23.630936441066016,,1.397117367586096,,24.527904852796983,,G2
65.78791549657693,0.940034909989258,0.9107923447582672,0.935894772198729,0.5664826162184359,,8.511081835939494,,6.872048108959104,,3.208630900371802,,23.414784559844215,,G2
2.375650397482896,0.9159834421210497,0.9977226956411668,0.9984130161329584,1.4064607383995371,,12.168025834448075,,75.04954779277939,,-2.5616757617961525,,23.10035291185164,,G2
34.081782947029915,0.928009176055154,0.954257520199717,0.9671538941658436,0.9864716773089864,,10.339553835193785,,40.96079795086925,,0.3234775692878247,,23.25756873584793,,G2
68.10930014867026,0.9489909721597656,0.9178551482057524,0.9402069013833202,0.5292101899493988,,9.125843236724355,,7.346437593819792,,3.3081107285993543,,25.8419036137988,,G2
3.7332325776171618,0.9184096537014758,0.9973000116181414,0.9981581936426566,0.934621953402055,,1.460825056756362,,97.93172058098264,,-0.2323891970304189,,5.881389142218401,,G2
35.92126636314371,0.9337003129306208,0.9575775799119468,0.9691825475129884,0.7319160716757269,,5.293334146740359,,52.63907908740121,,1.5378607657844676,,15.8616463780086,,G2
71.73420149404402,0.9385130108245188,0.914689514207002,0.9361406722539688,0.5445931520963929,,9.068902190735942,,6.913630871746055,,3.295742196245978,,24.136308928213428,,G2
2.2467638058189245,0.9202890471865044,0.9980098101780944,0.9985353327349183,1.6007341273408198,,6.082276908643689,,76.79470176038926,,-2.2368920359626743,,27.85594133813912,,G2
36.99048264993147,0.9294010290055116,0.9563496621925482,0.9673380024944436,1.0726636397186065,,7.575589549689816,,41.854166316067655,,0.5294250801416518,,25.99612513317627,,G2
98.38701980434266,0.9217247630786474,0.8983084261523056,0.9159352467621384,0.6332664738655065,,7.225472699529728,,7.80788452385311,,2.999129863781658,,25.03963187634561,,G2
2.9901855216815845,0.8967319611911295,0.9974640564208912,0.9979164803768994,1.9824991263337308,,1.3614072769722632,,66.05610202600874,,-1.224751961030213,,32.91686670590396,,G2
50.68860266301212,0.9092283621348884,0.9478862412865984,0.9569258635695188,1.3078828000996188,,4.293439988250996,,36.931993274930925,,0.8871889513757225,,28.978249291124783,,G2
84.57176550483638,0.9379191430438076,0.9134666340242444,0.929789699508386,0.5443815084277581,,8.775777995279011,,7.556374254018233,,3.251244693297945,,26.093203842707386,,G2
3.5417183765154694,0.9165647891385584,0.9971603888129836,0.9977269659492756,1.683570251345708,,7.166900395937782,,86.19974167043334,,-2.328833714950375,,27.858681717235697,,G2
44.05674194067593,0.927241966091183,0.955313511418614,0.9637583327288308,1.1139758798867332,,7.9713391956083965,,46.87805796222579,,0.4612054891737853,,26.97594277997154,,G2
59.76076941431274,0.9449804116643225,0.9335230916627782,0.9453437859304764,0.4703587752252611,,13.06139941161203,,5.871178559660235,,3.835304597440667,,23.300572887282403,,G2
4.706317960254968,0.9221436998873472,0.996316041946576,0.9970263857082996,1.8472023066359375,,7.186234748757056,,91.61455661245608,,-2.063844555097991,,23.391062290390867,,G2
32.233543687283856,0.9335620557758348,0.9649195668046772,0.971185085819388,1.1587805409305996,,10.123817080184542,,48.74286758605815,,0.8857300211713379,,23.345817588836635,,G2
52.88161647777469,0.9790111279186134,0.9347789216699351,0.9434565939211575,0.5441108110411286,,15.13530238813662,,246.24604281489448,,-4.043655851286211,,35.502147326504186,,G3
6.698366021320814,0.8198618902968116,0.9980621894429536,0.998332735933928,2.8165521985651045,,2.6254173479034923,,112.0731663841523,,1.444075483789094,,40.21858459077677,,G3
29.789991249547757,0.8994365091077126,0.9664205555564443,0.9708946649275428,1.6803315048031164,,8.880359868020056,,179.1596045995234,,-1.2997901837485584,,37.86036595864047,,G3
213.5230414552676,0.9612168574805764,0.8600691719097442,0.8743199653393541,0.9601915554210082,,3.943702247510705,,235.1716012456872,,-2.382089616455748,,52.4547244400444,,G3
7.787147442459553,0.8248050911502737,0.9982177319049474,0.998424624602004,2.7673112413492973,,3.6719084527530983,,112.97826978321424,,1.8256933154892825,,45.18990010492708,,G3
110.65509444886357,0.893010974315425,0.9291434519073458,0.9363722949706792,1.8637513983851528,,3.8078053501319022,,174.0749355144507,,-0.2781981504832327,,48.82231227248574,,G3
725.2095593081533,0.9515955871615986,0.7281146333608787,0.7850080484078743,1.5693300493060982,,-0.2722295624600193,,205.90174250571317,,-1.272089635496879,,86.55053370814935,,G3
10.314986682766678,0.6873341179315974,0.9985385415484912,0.9988626658415112,2.672809432934154,,0.9897514813517052,,90.43927080366952,,1.4452549559240355,,73.01789508933643,,G3
367.76227299546,0.819464852546598,0.8633265874546849,0.8919353571246929,2.121069741120126,,0.3587609594458429,,148.17050665469134,,0.0865826602135784,,79.78421439874289,,G3
526.7363729936362,0.9568067650973604,0.762109338770515,0.7980258474984798,1.4403489646936485,,0.307307761137789,,214.2731689967289,,-1.4758411156106157,,78.08566525255381,,G3
9.331774182931888,0.720824421541098,0.9984591035821008,0.9987130364904468,2.776225154324353,2.53474465053168,2.188123625868385,1.5407767499355476,91.10815095432804,76.99974472430225,1.723679741897736,1.7007982656087774,61.947626462032105,70.31336923177426,G3
268.03407358828406,0.8388155933192292,0.8802842211763079,0.8983694419944632,2.108287059509001,,1.247715693503087,,152.6906599755285,,0.12391931314356,,70.01664585729296,,G3
257.807565775635,0.9594925110617226,0.8058089630493802,0.831590309081281,1.2090865407809228,,1.4869800044482746,,229.0966863825783,,-1.815641727285022,,56.41714932814489,,G3
9.169381563434206,0.834042800280757,0.9981674998636754,0.9984352951141278,2.595592299131664,,3.185146039121817,,122.8011391469168,,1.866237282471774,,45.37654150446122,,G3
133.4884736695346,0.8967676556712398,0.9019882314565276,0.9150128020977044,1.9023394199562933,,2.336063021785046,,175.94891276474755,,0.0252977775933759,,50.89684541630305,,G3
131.34819788362464,0.9726804538073184,0.8476922164764659,0.8788266454413466,1.0046479112630236,,3.070150211057597,,235.3867903392033,,-2.2008422162599324,,49.023650231930326,,G3
7.360807312173687,0.8623233554847088,0.9979030496975256,0.9983465417568024,2.304118966164296,,7.043687817157291,,118.92674855857248,,2.4454309083967023,,32.18931743108641,,G3
69.35450259789916,0.9175019046460136,0.9227976330869956,0.9385865935990744,1.6543834387136596,,5.056919014107445,,177.15676944888787,,0.1222943460683849,,40.60648383150837,,G3
399.6694909312221,0.9524877552586546,0.6210218104347507,0.7319106086425377,2.036214450237225,,3.3826263892450186,,217.37638907559256,,-2.015449867777993,,64.88174387979663,,G3
1.0228000480487187,0.7311315047672955,0.9989939780631036,0.9992777854111063,1.8735255386712917,,13.184496921383657,,32.45252745704433,,2.640345421299588,,28.573208433432217,,G3
200.3461454896354,0.841809630012975,0.810007894248927,0.8655941970268219,1.9548699944542585,,8.283561655314337,,124.91445826631846,,0.3124477767607974,,46.72747615661442,,G3
53.52584292348072,0.9658027105370036,0.9128242361080972,0.9311872082505308,0.6412032416198212,,16.25004468052316,,247.6806923443049,,-4.101667265453696,,28.010613673823794,,G3
17.259607584017036,0.9201818934238432,0.9926473177409664,0.9943485917423122,2.3083026001370586,,7.963957628703018,,124.1351344403394,,2.326406379929357,,27.78664978272394,,G3
35.39272525374888,0.9429923019804234,0.9527357769245318,0.9627678999964214,1.4747529208784398,,12.107001154613087,,185.90791339232211,,-0.8876304427621697,,27.89863172827387,,G3
43.30246131820935,0.9785392392935588,0.9261622712838764,0.9382906495001156,0.5786701225585142,,13.91201693351383,,246.8359023175777,,-3.89975996417042,,31.753908919581853,,G3
12.097388176128336,0.9270636826092696,0.993620076713026,0.9949365124787392,1.9100315472465987,,8.911389870419129,,119.45969817222144,,2.264752981671075,,18.68364057270812,,G3
27.699924747168843,0.9528014609514144,0.959891173998451,0.9666135809894274,1.2443508349025565,,11.41170340196648,,183.1478002448996,,-0.8175034912496721,,25.218774746144987,,G3
148.4412110199512,0.9633684627185604,0.89006933157044,0.9040388051836264,0.8008789208498914,,7.380722711666431,,240.6633745835317,,-2.999648894357396,,45.02331851752801,,G3
3.0378205327708923,0.849803064727028,0.9985258723145392,0.9987828046816284,1.948035982077052,,3.0460754616682406,,89.70661978553264,,1.250896475667696,,17.25680766085135,,G3
75.73951577636105,0.9065857637227944,0.9442976019424896,0.9514108049326272,1.3744574514634715,,5.213399086667335,,165.18499718453216,,-0.87437620934485,,31.14006308918968,,G3
82.24504891434025,0.9710750683066782,0.9213990295969228,0.9350614368860412,0.6124457553084651,,12.6380620847383,,245.03426024237544,,-3.748267515114958,,37.73418446963745,,G3
3.720837410116635,0.8726712830579112,0.9980742181776758,0.998529354212905,1.6906302762816487,,5.457572520258997,,98.23327236872572,,1.6171666175498087,,15.04321039627792,,G3
42.98294316222844,0.9218731756822948,0.9597366238872992,0.966795395549473,1.151538015795057,,9.047817302498649,,171.63376630555058,,-1.0655504487825749,,26.388697432957684,,G3
630.3073989000234,0.9660993346182004,0.7010336681600842,0.8086664769813534,1.750453242297522,,-0.3333660364727993,,197.2056616032621,,-1.2123246534842105,,96.38414069320696,,G3
5.788429918221354,0.7284909687056003,0.9980278952714832,0.9987053501919152,2.159568323796031,,6.424608782831127,,62.85855389132384,,1.9952306978016536,,61.88551456742526,,G3
318.0479144091224,0.8472951516619004,0.8495307817157837,0.9036859135866344,1.9550107830467764,,3.045621373179164,,130.03210774729297,,0.3914530221587216,,79.13482763031612,,G3
603.893367886401,0.9678190334868092,0.7033646425307626,0.7747781626465564,1.6278346150481495,,-0.7579617234149927,,195.67262624904785,,-1.078793911542302,,96.8335203194269,,G3
7.547398085362347,0.7123948982760134,0.9980175936758194,0.9985508341716764,2.4349359426442856,,7.539538710552163,,64.69152819113614,,2.146925171755803,,60.40937731054508,,G3
305.7203829858817,0.8401069658814113,0.850691118103291,0.8866644984091163,2.031385278846217,,3.390788493568585,,130.18207722009197,,0.5340656301067505,,78.621448814986,,G3
333.43665037175407,0.9780067927797949,0.7652061694728062,0.8150950095994822,1.4380326374734518,,0.2982896932806476,,209.60232950217323,,-1.4766765347077069,,87.03979099649477,,G3
4.847121406632625,0.7476132384807017,0.9980246534877544,0.9984804305997578,2.55803508623386,,6.776003884415145,,62.04604817854537,,2.2174164259146627,,47.19444207145434,,G3
169.14188588919336,0.8628100156302483,0.8816154114802802,0.90678772009962,1.998033861853656,,3.537146788847896,,135.8241888403593,,0.3703699456034779,,67.11711653397455,,G3
261.7903593575149,0.9453808072601118,0.8863218196743218,0.8976216168644282,0.8578462640431914,,8.019115926878325,,239.3667775686696,,-3.066240890385304,,48.97780807591053,,G3
6.427202507015425,0.7603737440506838,0.9992266172595046,0.999337870351943,3.073229864196753,2.628628532901266,-0.1042770876388723,3.0263618826891747,129.58718779070426,70.52973977695167,0.8062718309314706,2.0521967244990247,63.56427860091442,62.8717645765822,G3
134.10878093226515,0.8528772756553977,0.9427742184669132,0.9484797436081857,1.965538064119972,,3.9574194196197263,,184.47698267968696,,-1.1299845297269164,,56.27104333841247,,G3
326.70510067360465,0.9606095662305614,0.7785513036803532,0.8195668458534716,1.281758254923429,,0.5239647032150732,,222.58098707575147,,-1.5507708314868889,,64.4122816537896,,G3
17.882218522561274,0.7922818082255602,0.9965751822342004,0.9972172267963608,2.270483711707131,,5.047239641368412,,109.23018760278934,,2.34121484515608,,43.83946665660745,,G3
172.29365959808297,0.8764456872280608,0.8875632429572768,0.9083920363249162,1.77612098331528,,2.7856021722917426,,165.9055873392704,,0.3952220068345954,,54.12587415519853,,G3
124.87263917185176,0.967251121075824,0.8984604704220842,0.9200110158294104,0.6958117957942187,,6.546700546308708,,241.02590341595575,,-2.8891348796966625,,43.6918159414708,,G3
18.13853198118743,0.8164735157759645,0.9963471944080006,0.9971187306119844,2.171562333258214,,5.622543663218914,,116.07083476536684,,2.390001429379936,,39.39572566196299,,G3
71.50558557651961,0.8918623184258943,0.9474038324150424,0.9585648732206972,1.4336870645262163,,6.084622104763811,,178.5483690906613,,-0.2495667251583633,,41.543770801716896,,G3
108.55314918118764,0.9860256601346988,0.8733511974526206,0.8934978579756135,0.9361420835082868,,5.0683868728682615,,232.86959492763364,,-2.603761753193716,,62.28704666658698,,G3
3.4768001497940664,0.8203277274482049,0.9975593092864162,0.9979864775584366,2.7010704259574383,,2.4600676242733885,,58.49561242476025,,1.4554951045611932,,35.66316189888445,,G3
56.01497466549086,0.9031766937914518,0.9354552533695184,0.945742167767025,1.8186062547328623,,3.764227248570825,,145.68260367619695,,-0.5741333243162613,,48.975104282735714,,G3
99.73693016258578,0.9694081180331668,0.8503679981290043,0.8904793092913491,1.022178246981141,,4.3324120269406095,,239.3509955186059,,-2.401114463117376,,40.37237245957682,,G3
1.79077692341828,0.8456948973694934,0.9994499456316605,0.9996000758316876,1.9332518924950857,,9.80569981635581,,132.70319972507187,,2.3045108092315587,,23.93015785772532,,G3
50.76385354300203,0.90755150770133,0.9249089718803324,0.9450396925615184,1.4777150697381134,,7.06905592164821,,186.0270976218389,,-0.0483018269429085,,32.15126515865107,,G3
176.88693840932837,0.9623525214244126,0.873041612605518,0.8892853464625404,0.9217496604308346,,5.795009805923703,,238.1588173613452,,-2.715160925406772,,48.46743938101901,,G3
0.7120811107737444,0.8155596927331548,0.9996839727404336,0.9997392253128116,1.9808286755279536,,9.45105866263842,,87.19323469963452,,2.241058660645756,,25.41795834380365,,G3
88.79950976005105,0.8889561070787837,0.9363627926729758,0.944512285887676,1.451289167979394,,7.623034234281062,,162.67602603048985,,-0.237051132380508,,36.94269886241133,,G3
144.92529020930968,0.9492059129753408,0.8785823103403521,0.89398441492749,0.862784247939534,,7.028275090385826,,242.3704518976565,,-2.8960531414696358,,37.791218900454965,,G3
5.963815099153686,0.8331774048975088,0.9989383319900242,0.9991252225200924,2.603673261174332,,1.371177939870439,,157.33043256886012,,1.0112854319707838,,44.498283764378165,,G3
75.44455265423169,0.8911916589364248,0.938760321165188,0.9465548187237912,1.733228754556933,,4.199726515128132,,199.85044223325832,,-0.9423838547494258,,41.14475133241656,,G3
97.69343407571948,0.9435477719986652,0.8737352536140208,0.9094553943808688,0.7992472987887493,,5.560485913602381,,244.81565622619527,,-2.688081472600082,,29.397432989871504,,G3
6.995920734479939,0.8646944624426853,0.9986952106979716,0.9991161392857232,1.931233405278092,,3.2039918216093755,,177.91334363464887,,1.6464202193071586,,32.05691574570447,,G3
52.3446774050997,0.9041211172206752,0.9362152321559962,0.954285766833296,1.3652403520334206,,4.382238867605878,,211.36449993042208,,-0.5208306266464617,,30.72717436778799,,G3
85.54343393548785,0.9557235383509228,0.8863748231202706,0.9147685862103168,0.7668704280261782,,6.6093474321514325,,244.75523703902851,,-2.8669908099914867,,31.107603033332754,,G3
6.077536398356032,0.8571518378050053,0.9987458392965488,0.9990874460500592,2.06152430682287,,4.194274634459005,,163.39619187800614,,1.8898278670583477,,32.06421307581506,,G3
45.81048516692194,0.906437688077964,0.9425603312084097,0.956928016130188,1.4141973674245245,,5.4018110333052185,,204.07571445851733,,-0.4885814714665697,,31.585908054573903,,G3
95.3248128609211,0.9367231326124362,0.9095936392056037,0.9284986516594148,0.6470411762856864,,11.567092178864083,,247.3223187480396,,-3.5702237331166997,,27.44692647741981,,G3
6.182983167631238,0.8356837582420142,0.999040273974902,0.9992993236061274,2.228518994691532,,1.0304085895599329,,178.3740341125731,,1.0406402320157184,,39.06212920023295,,G3
50.75389801427617,0.8862034454272252,0.9543169565902528,0.963898987632771,1.437780085488609,,6.298750384212008,,212.84817643030635,,-1.2647917505504904,,33.25452783882638,,G3
347.493419965861,0.9606549037660498,0.7586597651908332,0.7983878659947924,1.4877572822577183,,1.7919074809248636,,223.58783363233624,,-1.874183967514227,,66.48374361078557,,G3
5.166057808604646,0.7745578440964798,0.9976531875167708,0.9980785282433314,2.119880370040189,,9.40865449313808,,78.21005952444816,,2.464927675041903,,27.28442510256308,,G3
176.32973888723282,0.8676063739312647,0.878156476353802,0.8982331971190619,1.8038188261489536,,5.600280987031471,,150.8989465783922,,0.2953718537638382,,46.88408435667432,,G3
436.2216104105868,0.9583104254256024,0.7505217744783433,0.7926057234436976,1.4988723513482929,,0.3663671538598194,,216.9795610149013,,-1.4878425425781656,,72.39407801328078,,G3
5.139247195240197,0.8093872837407318,0.997660285110571,0.9980835347921404,2.05180881247707,,10.313846022361574,,79.54664033625164,,2.681250483685679,,26.72600161113334,,G3
220.6804288029135,0.8838488545831671,0.8740910297944572,0.895344629117919,1.7753405819126815,,5.340106588110697,,148.26310067557648,,0.5967039705537567,,49.56003981220706,,G3
254.4564543068481,0.9577345175702476,0.8288817578944799,0.855129176415524,1.1096954722138397,,3.234573176945779,,232.87684435982865,,-2.231682470076118,,54.8253156303036,,G3
8.45806684230367,0.8198007203137713,0.997406577398152,0.997853601032791,2.188833958176915,,8.741838179633758,,100.19408668664497,,2.5679035032598314,,29.988878107713543,,G3
131.45726057457586,0.8887676189420094,0.913144167646316,0.9264913887241576,1.6492647151953772,,5.988205678289768,,166.5354655232368,,0.1681105165918563,,42.40709686900857,,G3
146.42549969715324,0.9630673770818898,0.8452997805344947,0.8682496978213329,0.9800690493091372,,8.51111078903549,,240.2384487240508,,-3.13806636804274,,44.585202159921465,,G3
6.921475724625331,0.8302730190419284,0.9968732248838676,0.9974561269658992,1.959623561190817,,14.6590297278098,,88.83489634552846,,3.028936914114065,,25.935598192878537,,G3
76.67348771088929,0.8966701980619092,0.9210865027091812,0.932852912393616,1.469846305249977,,11.585070258422643,,164.53667253478963,,-0.0545647269643374,,35.2604001764,,G3
356.9306664464145,0.96224192774775,0.7759650147454634,0.8152748460046404,1.4009312241459932,,0.8944456712881159,,221.1147438948486,,-1.648954632605774,,68.76782611699905,,G3
17.280622281262048,0.7603206654379205,0.9971989260302764,0.997705778029939,2.6346909831365486,,1.6381779223501531,,112.98988182772578,,1.5725651826737082,,55.79881062407868,,G3
187.10564436383825,0.8612812965928351,0.8865819703878699,0.9064903120172896,2.0178111036412707,,1.2663117968191346,,167.0523128612872,,-0.0381947249660329,,62.28331837053887,,G3
123.63272220399212,0.9564950864337368,0.8470765796883714,0.8887724651349085,0.9629191596381514,,3.5168892254367874,,240.21787202580992,,-2.287706426509708,,37.70092564090742,,G3
6.367133150154272,0.8445862594655494,0.9987970425155722,0.999150091340588,2.127653992720908,,4.033111564768632,,164.75502520384504,,1.6719903650247243,,34.52113602996656,,G3
64.9999276770732,0.900540672949643,0.9229368111019718,0.9439612782377482,1.5452865761795298,,3.7750003951027096,,202.48644861482748,,-0.3078580307424918,,36.11103083543699,,G3
129.98319464427445,0.7870942372962481,0.9604807313324726,0.9619524617124716,0.3045917225177855,,65.37822241261213,,252.2833434153336,,-7.665572900064888,,17.502209019939006,,G3
2.2372883910681853,0.6541773319235719,0.9998921194016926,0.9999002901379362,3.13573082640401,,-1.131331314502494,,180.66186972443109,,-0.257048491714107,,63.3775711643552,,G3
66.11024151767131,0.72063578460991,0.9801864253670828,0.980926375925204,1.7201612744608976,,32.12344554905482,,216.47260656988237,,-3.961310695889497,,40.4398900921471,,G3
88.26437584314255,0.7822155466574269,0.9690010332469706,0.969882015903178,0.2349034755838646,,89.04087835922522,,253.0956025675494,,-8.985850679588731,,14.227731292958582,,G3
2.637767314992064,0.6842246616732278,0.9998749580140542,0.9998862708353632,2.956385947846718,,-1.2271882143134685,,189.5164715483004,,-0.3429559926222345,,59.32408618053612,,G3
45.4510715790673,0.7332201041653273,0.9844379956305124,0.9848841433692704,1.5956447117152914,,43.90684507245587,,221.30603705792487,,-4.664403336105483,,36.77590873674736,,G3
88.81278239139765,0.8081929295442013,0.9706135506485166,0.9718309795270448,0.2308215847754505,,76.10011797615506,,252.95189205538375,,-8.477877591052096,,15.222846485456406,,G3
2.65415869773595,0.6839856029632952,0.9998666293391374,0.999880089191613,2.9638137526404287,,-1.3209518642744855,,180.0835511893074,,-0.0507402891570519,,59.67094122103429,,G3
45.7334705445668,0.7460892662537483,0.985240089993827,0.9858555343593288,1.5973176687079396,,37.389583055940285,,216.5177216223456,,-4.2643089401045735,,37.44689385324535,,G3
136.18344537838698,0.8521440479940668,0.9409497463553512,0.9446219207409928,0.4394939771158269,,28.228199365665404,,250.55595790204777,,-5.230183733125957,,21.4662532562199,,G3
2.100716060292237,0.670276558919523,0.9998520854132236,0.9998651441014365,2.7924292056873314,,0.2882722476390898,,161.33039380881738,,0.7289322456090502,,43.197339770745685,,G3
69.1420807193396,0.761210303456795,0.9704009158842872,0.9722435324212146,1.6159615914015792,,14.258235806652246,,205.94317585543257,,-2.2506257437584534,,32.33179651348279,,G3
398.3486718664546,0.9431703404744508,0.8395935622857948,0.8567802899724437,1.1214278040183585,,3.967415479957543,,231.8971719989246,,-2.362368877046609,,59.18169604508066,,G3
6.579899423957574,0.740426912457746,0.9992497064390256,0.9993571683209456,3.0775184434786778,,-0.2131798206944872,,128.56997510298106,,0.8339072004359419,,65.96585283463753,,G3
202.46428564520608,0.8417986264660984,0.9194216343624102,0.9280687291466946,2.0994731237485182,,1.877117829631528,,180.23357355095283,,-0.7642308383053336,,62.57377443985909,,G3
347.5852453912882,0.8307264040228601,0.2368897588017996,0.5737023339734733,2.3103295232296523,,2.3829989407732963,,211.0077323340951,,-0.9529813751179091,,32.0269293861482,,G3
1.3315600564110306,0.6764281410090333,0.999915520865741,0.999934230200248,2.011046620313026,,2.691565128067855,,172.1898446107581,,0.1253473356564127,,34.38454454622021,,G3
174.45840272384962,0.7535772725159466,0.6184026398337703,0.7868182820868607,2.1606880717713395,,2.537282034420576,,191.59878847242655,,-0.4138170197307482,,33.205736966184205,,G3
123.41691137082005,0.9368103820654152,0.1898939380281327,0.6235821537610282,2.0587213905469914,,4.802482123680925,,208.466841421338,,-1.5343978518995052,,31.24800282198182,,G3
3.7220631995804254,0.8692593599820545,0.9985541834803372,0.9988190313160568,2.317729414383749,,5.930589447767504,,119.55916248457494,,1.7062904533751837,,24.13026886667679,,G3
63.56948728520024,0.9030348710237348,0.594224060754235,0.8112005925385425,2.1882254024653705,,5.366535785724215,,164.01300195295647,,0.0859463007378392,,27.689135844329307,,G3
123.01976424262313,0.940810272435328,0.19677648577631,0.633349392884021,2.049568424956875,,7.557902184338229,,207.6854443921674,,-1.8731509936913904,,32.246965766931744,,G3
3.105234160294698,0.8805116228312165,0.9983772629056452,0.9986205072139136,2.5175625383600515,,3.833889330286995,,94.94537674777814,,1.2122444801035563,,27.3423522189564,,G3
63.062499201458905,0.9106609476332724,0.5975768743409777,0.8159849500489673,2.283565481658463,,5.695895757312612,,151.31541056997276,,-0.3304532567939169,,29.794658992944072,,G3
76.23316040164136,0.9432349383595342,0.96000864871288,0.96390916043921,0.3501198845344264,,37.05450712008982,,250.46074848019572,,-6.079006390140011,,25.90605058926716,,G3
1.7494982439682805,0.7145596032203666,0.9996900703844837,0.9997383092691128,2.8508496512270303,,0.7903490569597073,,121.44521811922588,,1.1598746724030573,,56.12272407411312,,G3
38.991329322804816,0.8288972707899505,0.979849359548682,0.9818237348541614,1.6004847678807284,,18.922428088524764,,185.9529832997108,,-2.459565858868477,,41.01438733169015,,G3
137.04456364735933,0.9000188212959882,0.9645030350444384,0.9668274436586004,0.3115423619394804,,46.00713546812878,,250.8078992372892,,-6.73899873643914,,26.19479664882704,,G3
2.306796528785764,0.7045987541665663,0.999784274203654,0.9998299526123356,3.005772728007626,,-1.2003567718538182,,147.5433296880076,,0.226064845547762,,76.37000990557384,,G3
69.67568008807254,0.8023087877312772,0.9821436546240464,0.983328698135468,1.6586575449735532,,22.40338934813748,,199.1756144626484,,-3.256466945445689,,51.28240327720044,,G3
92.02510383398558,0.9238405559186462,0.974820123159931,0.9778352830467024,0.2310330691327718,,57.61965081144922,,251.58595913068444,,-7.580510015314151,,24.569158354714748,,G3
2.4365614695098667,0.6865548056088021,0.9997345031007586,0.9998013884975786,2.658128760718945,,0.0672548509038099,,132.7422609248597,,0.4646791310403605,,74.62428465778802,,G3
47.230832651747725,0.8051976807637242,0.9872773131303448,0.9888183357721404,1.4445809149258586,,28.843452831176517,,192.16411002777207,,-3.5579154421368955,,49.59672150625138,,G3
103.10438251890504,0.9167503074730388,0.9410415471399696,0.9463916133743332,0.4653482781959928,,22.211380832157847,,249.55836298043917,,-4.755782746122689,,24.88264507214581,,G3
1.6058790159389928,0.7730576003261574,0.9997750906183231,0.9998201850457284,2.510320963389153,,1.1058848500719705,,162.54796283987056,,0.9057528240158156,,46.2967770015369,,G3
52.35513076742201,0.8449039538995982,0.9704083188791464,0.9731058992100308,1.4878346207925728,,11.658632841114908,,206.05316291015487,,-1.9250149610534368,,35.58971103684135,,G3
96.27231868411978,0.9200087935287992,0.937231972113168,0.9431201713236548,0.4835295732765854,,19.84558618690814,,249.43835024778735,,-4.536589112584198,,24.525206327908148,,G3
1.7907215300263144,0.7982656483866364,0.9997470718520484,0.9997927869981637,2.547798849027833,,1.1994125144276366,,162.0834597871661,,1.0957701900184769,,45.216129182714354,,G3
49.03152010707305,0.8591372209577178,0.9684895219826082,0.971456479160909,1.5156642111522094,,10.522499350667887,,205.76090501747677,,-1.7204094612828609,,34.87066775531125,,G3
92.99672754262066,0.9191139808437828,0.9395110406829056,0.9455815373418616,0.4675873765611777,,20.830062381581826,,249.6636420377236,,-4.633209153799846,,23.974158057700983,,G3
1.6511180090037276,0.7788558269277177,0.9997687883327016,0.9998112984781666,2.5499527625331533,,1.0278516806237474,,162.3580018433771,,1.0087097719002731,,46.28350631111288,,G3
47.32392277581219,0.8489849038857502,0.9696399145078036,0.972696417910014,1.5087700695471655,,10.928957031102788,,206.0108219405504,,-1.8122496909497865,,35.12883218440693,,G3
230.77490016443505,0.9372407061134932,0.9026662787402931,0.9134291014943268,0.7261198837771983,,9.044161347505916,,242.2362992922144,,-3.251732223663088,,42.88396257525319,,G3
3.0560669876181032,0.7849292092019723,0.9994672806349248,0.9995675850241212,2.688603678238843,,1.2320463420262742,,132.22238101593217,,1.099210884342655,,59.783014855703655,,G3
116.91548357602656,0.8610849576577327,0.9510667796876092,0.956498343259224,1.7073617810080206,,5.138103844766095,,187.22934015407327,,-1.0762606696602164,,51.33348871547842,,G3
230.603986425362,0.94634968410251,0.8752631247641033,0.888744721980262,0.8872408420591588,,5.932872191617866,,239.1121721654246,,-2.746506809866242,,46.366025642776094,,G3
2.565809881212992,0.8114250236533526,0.9994972038610188,0.9995822411607492,2.6869793163640576,,2.070882096617419,,129.56161020459805,,1.28513982557212,,49.8185023598458,,G3
116.5848981532875,0.8788873538779314,0.9373801643125612,0.9441634815705056,1.787110079211608,,4.001877144117643,,184.33689118501127,,-0.7306834921470613,,48.092264001310944,,G3
140.51508751854564,0.9477612616408824,0.2088991012901063,0.626898298899323,2.295306003755818,,3.056885069963296,,205.8729443921674,,-1.4258024378528678,,36.66303754265828,,G3
3.373711530159933,0.8868839217514853,0.9984438456667996,0.9987165485897692,2.191719228267444,,5.798033173297229,,117.2769486661104,,1.5011756021855436,,21.94208090600109,,G3
71.94439952435279,0.9173225916961838,0.603671473478453,0.8128074237445462,2.243512616011631,,4.427459121630262,,161.57494652913888,,0.0376865821663379,,29.302559224329688,,G3
145.09301001534135,0.9515140472441505,0.2314830606246751,0.6546149515388234,2.3615241847771133,,2.8843639232463625,,207.04233039835103,,-1.431456171960723,,38.674042427886064,,G3
3.2828779529512326,0.8737894070659915,0.9984980748163208,0.99878424419232,2.153926610113704,,5.594895600169106,,112.00450601400811,,1.5033400711974263,,23.190967794959427,,G3
74.18794398414629,0.9126517271550708,0.614990567720498,0.8266995978655717,2.257725397445409,,4.239629761707734,,159.52341820617957,,0.0359419496183516,,30.932505111422746,,G3
203.50413461682632,0.9316505528629024,0.91262671401788,0.9193105415482086,0.679980606944818,,12.525827920450505,,244.45412125978356,,-3.691217916804724,,38.59329042183328,,G3
3.154636140946548,0.8097174105297846,0.999458715382794,0.9995539163622662,2.9472862020276405,,0.2191083646208084,,136.66373452208995,,0.839155861421411,,59.55653271663751,,G3
103.32938537888644,0.8706839816963436,0.956042714700337,0.9594322289552374,1.8136334044862288,,6.372468142535656,,190.55892789093676,,-1.4260310276916566,,49.07491156923539,,G3
454.2959493500067,0.9266479241346928,0.8640831341248719,0.877268796068296,0.9600933502326688,,5.387161875237085,,235.3195783245328,,-2.651893271422779,,55.65963659516338,,G3
3.766682946526444,0.7658166252906187,0.9995162945236964,0.9996041206612994,3.0225773111416108,3.0071205928687577,-0.3895517269871346,1.4113268318113033,123.9258433880249,84.41732283464567,0.7916092655492272,1.622168605106184,73.00443410689282,67.98372210737612,G3
229.03131614826657,0.8462322747126556,0.9317997143242842,0.9384364583647976,1.99133533068714,,2.4988050741249754,,179.62271085627884,,-0.930142002936776,,64.3320353510281,,G3
378.99375246777527,0.9569126569701228,0.8395048627467077,0.85969124156184,1.0919758190885889,,2.9537662331400014,,228.19390580334291,,-2.180300962242883,,66.32470151152948,,G3
2.436583174646015,0.7313019820293731,0.9995215337088998,0.9995912525926348,2.8511923938648285,,2.7769426550188427,,89.53394113065728,,1.6644375138736067,,58.97862005158719,,G3
190.71516782121063,0.8441073194997479,0.9195131982278038,0.9296412470772372,1.9715841064767088,,2.865354444079422,,158.86392346700012,,-0.2579317241846381,,62.651660781558334,,G3
232.330099592487,0.9727004589172512,0.4014270994224612,0.6053106688975315,2.721560936918209,,0.3770663775102858,,196.518987767173,,-1.0801436075427235,,65.22278623522713,,G3
1.7780207670506678,0.8487891915392929,0.9984336712382492,0.9987708579720582,2.151082398177421,,5.415259883831316,,69.10979669818462,,1.3880570221824322,,24.242877055140905,,G3
117.05406017976884,0.910744825228272,0.6999303853303553,0.8020407634347948,2.436321667547815,,2.896163130670801,,132.8143922326788,,0.1539567073198543,,44.73283164518402,,G3
160.55996443726457,0.9824023520235255,0.8300913549973317,0.8814802170811944,1.1675069139942178,,2.2408454457490503,,226.0557198548192,,-2.009888520353255,,67.56477492656828,,G3
4.317558314929375,0.8298994691682615,0.9983325962979668,0.9987367225772444,2.295152508052421,,7.704291444810299,,89.38163269864503,,2.33270845760437,,37.62291704827323,,G3
82.43876137609698,0.9061509105958936,0.9142119756476492,0.9401084698292194,1.7313297110233197,,4.972568445279675,,157.7186762767321,,0.1614099686255579,,52.59384598742075,,G3
132.39160237047508,0.979870238419474,0.868763370594145,0.8916631825527052,0.9879266494159092,,5.182961890532171,,234.36553132141415,,-2.6037545155658384,,57.37322070403908,,G3
3.841946432411981,0.854087701672904,0.997732240429558,0.9982008049538768,2.602196839642428,,6.733025696103731,,76.31069973200042,,2.066852038600974,,35.451355942890395,,G3
68.11677440144354,0.916978970046189,0.9332478055118516,0.944931993753291,1.7950617445291686,,5.957993793317951,,155.3381155267073,,-0.2684512384824322,,46.412288323464736,,G3
250.63479763176863,0.974167150588276,0.7956548959515636,0.8489118882581853,1.342880721372118,,1.263767785548727,,221.96186483398307,,-1.7494016060452366,,69.70654530304402,,G3
10.244258267864296,0.8528715091362942,0.9968140765789129,0.9977275896414464,2.6503399753814247,,3.353962385584114,,103.7606599058449,,1.7674417746768891,,52.85394587537373,,G3
130.4395279498165,0.913519329862285,0.8962344862652383,0.923319738949816,1.9966103483767716,,2.308865085566421,,162.861262369914,,0.0090200843158262,,61.28024558920888,,G3
127.47472886218878,0.9790523660654477,0.8550970901441478,0.8845167923913387,1.0838419482415218,,5.0880202244056,,234.376848366716,,-2.5556708214308013,,55.13613589825647,,G3
2.851422841544041,0.884423356610445,0.9979425884806784,0.99841386298863,2.3938968738638144,,4.352889620828561,,78.48367957956987,,1.3184799298128456,,27.552974615676124,,G3
65.16307585186641,0.9317378613379464,0.926519839312413,0.9414653276899844,1.738869411052668,,4.720454922617081,,156.43026397314293,,-0.6185954458089779,,41.344555256966295,,G3
280.5877919972627,0.936971579273946,0.8833544218471643,0.8923550235054639,0.8689886799781722,,8.020762883844117,,239.87307601828203,,-3.0603030254524364,,47.17015699998645,,G3
6.000738740103154,0.7350357600133768,0.9993737279838064,0.9994427878770634,3.126068327118513,,-0.3934910641594071,,136.93241728525174,,0.7694220152567617,,62.64451690942003,,G3
143.29426536868291,0.8360036696436615,0.9413640749154852,0.9458989056912636,1.9975285035483428,,3.8136359098423553,,188.4027466517669,,-1.1454405050978371,,54.90733695470324,,G3
404.37096308262727,0.927323084979753,0.8739133062048701,0.8916439212499985,0.9168726119646192,,6.638653534790944,,237.25238887395255,,-2.8532699232884826,,52.738199938304575,,G3
10.813704180491165,0.8515520067878755,0.9974903547526202,0.998025090520834,2.995923767126127,,0.9255124579758034,,116.8487398275028,,1.3624293987574327,,59.54333554081034,,G3
207.59233363155923,0.8894375458838142,0.9357018304787452,0.9448345058854162,1.956398189545373,,3.7820829963833735,,177.05056435072768,,-0.7454202622655249,,56.14076773955746,,G3
389.3527610201008,0.9370066250775017,0.8380033873191488,0.8714672098194275,1.117920208592169,,4.008356522622759,,233.17894430254964,,-2.3599697920332607,,55.623824356484455,,G3
13.544274577225076,0.8599054175528335,0.997198815056191,0.9979754940613677,2.815300907766283,,0.0724612478176267,,127.9871692264253,,1.1304581682927974,,63.098931395514334,,G3
201.44851779866292,0.8984560213151676,0.91760110118767,0.9347213519403976,1.966610558179226,,2.040408885220193,,180.58305676448748,,-0.6147558118702316,,59.3613778759994,,G3
331.44810729400683,0.947696912520098,0.8771783817372085,0.8989885518275615,0.9175920861338196,,7.041066870499822,,236.34674799480217,,-2.921383990318161,,56.29273848346609,,G3
15.69716692422538,0.8568473755452599,0.9965938348351098,0.9976410151796749,2.823564674981391,,-0.3429135609311536,,116.30273654242136,,0.8982502455468463,,77.30815098348033,,G3
173.5726371091161,0.9022721440326792,0.9368861082861591,0.948314783503618,1.8705783805576053,,3.3490766547843345,,176.32474226861177,,-1.0115668723856572,,66.80044473347321,,G3
242.9593910026981,0.9118876485248184,0.5814968475665664,0.6464943309540376,1.8340616249526795,,6.709800316644031,,232.5490334273057,,-2.325521931862093,,37.10125440548021,,G3
18.373165261115364,0.8717764493861524,0.997359670862044,0.998447840237046,1.9264613618624944,,-0.7930537746084454,,221.67173369997465,,-0.19074488162783,,27.35713431719847,,G3
130.66627813190675,0.8918320489554854,0.7894282592143053,0.8224710855955418,1.8802614934075867,,2.958373271017793,,227.11038356364017,,-1.2581334067449614,,32.22919436133934,,G3
285.7478571297469,0.9601908215103528,0.8132243695279241,0.8569585003823413,1.1867330088839545,,2.2723782564017823,,229.113380075422,,-2.0175674935482317,,59.91476317830391,,G3
6.649360919045959,0.8504536980304851,0.9967089242482242,0.9976400733495436,1.7173574376337568,,14.931205527205398,,93.35823159208636,,3.209542279895497,,24.76173459822901,,G3
146.1986090243964,0.9053222597704188,0.9049666468880742,0.9272992868659424,1.4520452232588554,,8.60179189180359,,161.23580583375417,,0.5959873931736328,,42.33824888826646,,G3
413.1114567846851,0.970266927348834,0.714740474871098,0.8022555026396423,1.5422910646440022,,-0.5995223355077441,,205.47677845714492,,-1.1504200728376714,,83.36331649662756,,G3
23.78256676221318,0.7723805131295028,0.9949626305579092,0.996523897250782,2.128976334391693,,3.0134334469430435,,112.9443738980431,,1.7866164195586012,,56.21184949754612,,G3
218.4470117734492,0.8713237202391684,0.8548515527145036,0.8993896999452121,1.835633699517848,,1.2069555557176497,,159.21057617759402,,0.3180981733604648,,69.78758299708684,,G3
386.0549896297928,0.9688359990791576,0.7393865672983779,0.807048588184773,1.4561205118711045,,-0.3067290489751944,,210.69520008787023,,-1.2675385221454205,,78.65550824600149,,G3
13.115374202821206,0.8055148154150982,0.9956285453526552,0.9968142256774613,2.04005349032354,,11.224206706100835,,88.68494353098058,,2.8081391457583456,,41.46432459343035,,G3
199.585181916307,0.887175407247128,0.8675075563255166,0.9019314069311172,1.7480870010973222,,5.4587388285628204,,149.6900718094254,,0.7703003118064625,,60.05991641971592,,G3
1178.4845398567566,0.922738063552538,0.7050595601201013,0.7636592158501377,1.5389849998041765,,-0.4098493186082712,,204.2078131046449,,-1.2220498824455517,,87.33073627183899,,G3
4.947063816538499,0.7712301438986336,0.9994665477203202,0.9996371162608076,2.4144532466768918,,-1.377651941298232,,134.36298968449347,,0.3413808964609278,,90.88160038235432,,G3
591.7158018366475,0.8469841037255859,0.8522630539202107,0.8816481660554727,1.976719123240534,,-0.8937506299532516,,169.2854013945692,,-0.440334492992312,,89.10616832709665,,G3
247.5682455430105,0.9452284754238366,0.8923683802165581,0.911856774579741,0.7797306216441664,,7.137373878715197,,239.86584903069567,,-2.968759163920517,,47.55592144548676,,G3
4.308058221764307,0.8261057869569856,0.9991047300937518,0.9993411103133296,2.3700693706532467,,3.113746756787941,,118.05419997156302,,1.5899785273614304,,58.80626624836208,,G3
125.9381518823874,0.8856671311904111,0.9457365551551548,0.9555989424465352,1.5748999961487065,,5.125560317751569,,178.96002450112934,,-0.6893903182795433,,53.18109384692442,,G3
213.11676805411815,0.9196267742683536,0.9325944890837682,0.9401197898486354,0.5433663235559613,,19.407466163409996,,246.5968460142492,,-4.496274916450711,,36.38906495167858,,G3
2.7502728626599704,0.5540782786898071,0.999556243704508,0.9997394755660136,2.7482632196064904,,-1.2561078685462308,,155.19779903166784,,0.1000797865108147,,80.80008663059914,,G3
107.93352045838908,0.7368525264790804,0.9660753663941382,0.9699296327073246,1.645814771581226,,9.07567914743188,,200.8973225229585,,-2.198097564969948,,58.59457579113886,,G3
291.7671782146053,0.9535379427907684,0.8996076602724485,0.9155573719703868,0.7396505577844587,,7.65405460892153,,237.739003108265,,-3.063615737573601,,56.02755584757321,,G3
3.576184582200163,0.6688884883176218,0.9995336106684392,0.9996253689654826,2.7791160657567566,,0.2889152036154767,,101.3061960444762,,1.161071845904218,,76.14502532491144,,G3
147.6716813984027,0.8112132155541951,0.9495706354704438,0.9575913704679346,1.7593833117706077,,3.971484906268504,,169.5225995763706,,-0.9512719458346914,,66.08629058624233,,G3
321.40288710959175,0.9443897517906088,0.8982312888529964,0.911255611628927,0.7597756108798932,,8.330264126704458,,238.6490506684642,,-3.155569646090249,,53.769459369535,,G3
3.602585631019497,0.6958290394995402,0.9995032124949088,0.9995981353233472,2.9225815236784705,,0.0766228323133024,,103.2111092007343,,1.0803188772622043,,76.17258777660363,,G3
162.50273637030563,0.8201093956450745,0.9488672506739526,0.9554268734761372,1.8411785672791816,,4.203443479508881,,170.93007993459926,,-1.0376253844140222,,64.97102357306932,,G3
346.22854597434014,0.9423064910014022,0.8932476024421803,0.9087580176228572,0.7912450458483382,,7.909491256466923,,237.9660450136689,,-3.085433865296252,,54.78036364892957,,G3
4.108185131158908,0.7043382395464073,0.9994336416138896,0.9995604733520136,2.7794729396918907,,0.0231726341840896,,105.35617708119416,,1.0352084005543336,,77.6098707204964,,G3
175.16836555274952,0.8233223652739048,0.9463406220280348,0.9541592454874356,1.7853589927701146,,3.9663319453255066,,171.66111104743152,,-1.0251127323709592,,66.19511718471298,,G3
293.18229267458133,0.929319421257962,0.8803621916237656,0.8895011766241632,0.8761229065277067,,7.7607514044526305,,240.2462556571224,,-3.019353055375325,,45.529950594094174,,G3
5.999700159328603,0.7358320703779963,0.9993998887734212,0.9994719116123588,3.110706447556289,,-0.4824070412912971,,141.2271994346565,,0.7519998852464902,,61.27879341107332,,G3
149.59099641695497,0.8325757458179792,0.9398810401985936,0.944486544118261,1.9934146770419976,,3.639172181580667,,190.73672754588944,,-1.1336765850644173,,53.40437200258375,,G3
156.85891858994313,0.938057604695963,0.9343385220973016,0.9391381575089912,0.5361153888607995,,17.290881171204912,,246.5795329793431,,-4.283804908769755,,35.57691615086383,,G3
5.683314237656984,0.7263736638041698,0.9993964500466808,0.9994579002101086,3.2058550994235486,,-0.249753349412608,,133.41969452929507,,0.7954431332923295,,62.65725123509339,,G3
81.27111641380006,0.8322156342500664,0.9668674860719912,0.96929802885955,1.8709852441421744,,8.520563910896152,,189.99961375431909,,-1.7441808877387128,,49.11708369297861,,G3
272.2405196422411,0.9574776678457332,0.8693392275613941,0.8882553174392623,0.9188386164739806,,4.819711787913514,,234.76092496751355,,-2.561754087592253,,56.558727957644784,,G3
6.93588918909451,0.734313855397838,0.998721533276558,0.998938242925729,2.7198251080558524,,2.1058668855203417,,108.81602627649237,,1.5184695435756717,,57.24371491237088,,G3
139.5882044156678,0.8458957616217857,0.934030380418976,0.9435967801824956,1.8193318622649164,,3.462789336716928,,171.78847562200295,,-0.5216422720082907,,56.90122143500784,,G3
83.61399886203036,0.8915594773047406,0.8577647907118805,0.8793164588251361,0.800250374008434,,13.695442121993027,,248.6631549079193,,-3.5914118770127885,,19.650726041913973,,G3
13.853212896027856,0.8040598700059469,0.9989289916956682,0.9991692473869264,1.759530823068678,,-0.7526674434851099,,225.9931846342468,,0.0612820456798023,,20.364630834871893,,G3
48.73360587902911,0.8478096736553438,0.9283468912037744,0.9392428531060312,1.279890598538556,,6.471387339253959,,237.32816977108303,,-1.765064915666493,,20.007678438392933,,G3
449.6410072866765,0.9152114177814072,0.8470815413964919,0.8784761367831048,0.9276426872273852,,3.840397333482452,,235.4576941383224,,-2.377541868387828,,51.48387197501004,,G3
17.072561012915344,0.7851337541790027,0.997785047661514,0.9984985893959318,2.170925131442514,,-0.3316541034108438,,144.2445814342422,,0.7640418811354286,,69.21742791204802,,G3
233.35678414979597,0.850172585980205,0.922433294529003,0.9384873630895184,1.5492839093349495,,1.754371615035804,,189.85113778628232,,-0.8067499936261996,,60.35064994352904,,G3
63.749169465704895,0.9739777908014854,0.9193542041189,0.9357278043593944,0.5990674749989449,,10.521939987355028,,245.33456595760265,,-3.486583486206517,,34.95622853909894,,G3
8.577901975539772,0.8886654293102481,0.9965004632760704,0.997344555258207,1.781471671633831,,11.510153020378109,,115.9562734993744,,2.4620010038688545,,18.170943229780192,,G3
36.163535720622335,0.9313216100558668,0.9579273336974852,0.9665361798088008,1.190269573316388,,11.016046503866567,,180.6454197284885,,-0.5122912411688312,,26.563585884439565,,G3
52.34831048216876,0.9740105232306272,0.9221156438852868,0.9372321312835116,0.5911228255662166,,12.092769418982163,,246.51337275290155,,-3.679067714732532,,31.6963488062308,,G3
10.367721225988944,0.8891343852929587,0.9967354955445008,0.9974455828844546,1.960806976831769,,6.690064672202476,,125.66966668325372,,1.9482118933497747,,20.8090087308763,,G3
31.35801585407885,0.9315724542617928,0.9594255697148936,0.9673388570839832,1.2759649011989929,,9.39141704559232,,186.0915197180776,,-0.8654279106913787,,26.25267876855355,,G3
136.87454319554175,0.9743115572756365,0.8864993113578785,0.9030079254011796,0.8359946370344683,,6.033025780823024,,237.7075323744231,,-2.778901271054089,,51.59426534560558,,G3
5.771329770502482,0.77516871682351,0.998462867436144,0.9986977287298684,2.798550013287336,,3.7471916332174215,,102.62057973656144,,1.7644461639395352,,46.72399033035375,,G3
71.32293648302212,0.8747401370495732,0.9424810893970113,0.950852827065524,1.817272325160902,,4.890108707020223,,170.16405605549227,,-0.507227553557277,,49.15912783797967,,G3
153.93497740868818,0.9714889870237784,0.8996418439587737,0.9145465295666576,0.72824877063465,,6.92640445292913,,238.61646390643904,,-2.950592888689892,,51.92337998886084,,G3
6.634702875268792,0.757975448549813,0.9983284427072344,0.9985880149529032,2.5570077647096827,,6.026735809315749,,90.60006914029049,,2.26650473567336,,45.62387134357501,,G3
80.28484014197849,0.8647322177867958,0.948985143333004,0.9565672722597802,1.6426282676721664,,6.47657013112244,,164.60826652336476,,-0.3420440765082659,,48.77362566621792,,G3
124.9568899995232,0.976922804636146,0.8828709861401477,0.9010253157488306,0.8461947525535058,,5.489944264660604,,237.1721753595913,,-2.6889291524756027,,52.01482450853382,,G3
6.088961574097069,0.7925099298745759,0.9981894325022924,0.998480540388246,2.663312635617088,,5.573966849046822,,98.78990851247096,,2.0910918687900866,,41.27077989205939,,G3
65.52292578681013,0.8847163672553608,0.94053020932122,0.9497529280685382,1.7547536940852968,,5.531955556853713,,167.98104193603115,,-0.298918641842758,,46.6428022002966,,G3
